Feature,Importance
IsActiveMember,0.2596091364838707
Age,0.21495261865307835
Geo_Germany,0.17307759663233077
CreditScore,0.14582340031737773
NumOfProducts,0.05576030704752071
Geo_France,0.04168274389392259
Balance,0.03330443179153693
EstimatedSalary,0.02945498381348802
Geo_Spain,0.023009064241067634
Tenure,0.014777506814289321
Gender,0.005580352037859031
HasCrCard,0.0029678582736583285
